feature,importance,model,time_horizon,time_period
travel_time_to_cities_2015,0.0031663415,hb,1,2026-08-01
density_2015,0.0047091963,hb,1,2026-08-01
density_2020,0.0018197299,hb,1,2026-08-01
delta_2015_2020,0.0034121533,hb,1,2026-08-01
avg_temp_z_score_season1_max_prev,0.0067693396,hb,1,2026-08-01
avg_temp_z_score_season1_sum_prev,0.00030051882,hb,1,2026-08-01
avg_temp_z_score_season1_mean_prev,7.066032e-05,hb,1,2026-08-01
hot_days_z_score_season1_max_prev,0.00020321964,hb,1,2026-08-01
hot_days_z_score_season1_sum_prev,3.5842026e-05,hb,1,2026-08-01
hot_days_z_score_season1_mean_prev,0.0031058958,hb,1,2026-08-01
cold_days_z_score_season1_max_prev,0.00017083967,hb,1,2026-08-01
cold_days_z_score_season1_sum_prev,0.0,hb,1,2026-08-01
cold_days_z_score_season1_mean_prev,0.0,hb,1,2026-08-01
consec_hot_days_z_score_season1_max_prev,3.675916e-05,hb,1,2026-08-01
consec_hot_days_z_score_season1_sum_prev,0.00039832995,hb,1,2026-08-01
consec_hot_days_z_score_season1_mean_prev,0.0008035992,hb,1,2026-08-01
consec_cold_days_z_score_season1_max_prev,0.0,hb,1,2026-08-01
consec_cold_days_z_score_season1_sum_prev,0.0,hb,1,2026-08-01
consec_cold_days_z_score_season1_mean_prev,0.0,hb,1,2026-08-01
precip_total_z_score_season1_max_prev,0.00029471164,hb,1,2026-08-01
precip_total_z_score_season1_sum_prev,4.274241e-05,hb,1,2026-08-01
precip_total_z_score_season1_mean_prev,0.00020788756,hb,1,2026-08-01
wet_days_z_score_season1_max_prev,0.00016650741,hb,1,2026-08-01
wet_days_z_score_season1_sum_prev,0.00021858083,hb,1,2026-08-01
wet_days_z_score_season1_mean_prev,0.00010347688,hb,1,2026-08-01
dry_days_z_score_season1_max_prev,4.5209537e-05,hb,1,2026-08-01
dry_days_z_score_season1_sum_prev,0.0,hb,1,2026-08-01
dry_days_z_score_season1_mean_prev,0.0,hb,1,2026-08-01
consec_wet_days_z_score_season1_max_prev,0.00022234055,hb,1,2026-08-01
consec_wet_days_z_score_season1_sum_prev,1.965104e-05,hb,1,2026-08-01
consec_wet_days_z_score_season1_mean_prev,2.3728935e-05,hb,1,2026-08-01
consec_dry_days_z_score_season1_max_prev,5.0146704e-05,hb,1,2026-08-01
consec_dry_days_z_score_season1_sum_prev,0.00016620696,hb,1,2026-08-01
consec_dry_days_z_score_season1_mean_prev,2.4182827e-05,hb,1,2026-08-01
NDVI_mean_season1_max_prev,0.00017909522,hb,1,2026-08-01
NDVI_mean_season1_sum_prev,0.00020676361,hb,1,2026-08-01
NDVI_mean_season1_mean_prev,9.87566e-06,hb,1,2026-08-01
EVI_mean_season1_max_prev,0.00017811949,hb,1,2026-08-01
EVI_mean_season1_sum_prev,5.5830664e-05,hb,1,2026-08-01
EVI_mean_season1_mean_prev,1.1039116e-05,hb,1,2026-08-01
NDVI_z_score_season1_max_prev,6.370405e-05,hb,1,2026-08-01
NDVI_z_score_season1_sum_prev,0.0,hb,1,2026-08-01
NDVI_z_score_season1_mean_prev,0.0,hb,1,2026-08-01
EVI_z_score_season1_max_prev,0.000115746094,hb,1,2026-08-01
EVI_z_score_season1_sum_prev,2.1365826e-05,hb,1,2026-08-01
EVI_z_score_season1_mean_prev,5.3102107e-05,hb,1,2026-08-01
NDVI_z_score_crops_season1_max_prev,3.7578826e-05,hb,1,2026-08-01
NDVI_z_score_crops_season1_sum_prev,0.00039898726,hb,1,2026-08-01
NDVI_z_score_crops_season1_mean_prev,7.7998986e-05,hb,1,2026-08-01
NDVI_z_score_grass_season1_max_prev,0.0030134905,hb,1,2026-08-01
NDVI_z_score_grass_season1_sum_prev,2.214564e-05,hb,1,2026-08-01
NDVI_z_score_grass_season1_mean_prev,0.00015149578,hb,1,2026-08-01
NDVI_z_score_shrub_and_scrub_season1_max_prev,0.00011593641,hb,1,2026-08-01
NDVI_z_score_shrub_and_scrub_season1_sum_prev,0.00014285928,hb,1,2026-08-01
NDVI_z_score_shrub_and_scrub_season1_mean_prev,6.021146e-05,hb,1,2026-08-01
NDVI_z_score_trees_season1_max_prev,0.00027963863,hb,1,2026-08-01
NDVI_z_score_trees_season1_sum_prev,0.00064884895,hb,1,2026-08-01
NDVI_z_score_trees_season1_mean_prev,0.00018974865,hb,1,2026-08-01
EVI_z_score_crops_season1_max_prev,7.932127e-05,hb,1,2026-08-01
EVI_z_score_crops_season1_sum_prev,0.0031705278,hb,1,2026-08-01
EVI_z_score_crops_season1_mean_prev,6.0940325e-05,hb,1,2026-08-01
EVI_z_score_grass_season1_max_prev,0.000120880024,hb,1,2026-08-01
EVI_z_score_grass_season1_sum_prev,5.640247e-05,hb,1,2026-08-01
EVI_z_score_grass_season1_mean_prev,2.5532381e-05,hb,1,2026-08-01
EVI_z_score_shrub_and_scrub_season1_max_prev,0.00016721663,hb,1,2026-08-01
EVI_z_score_shrub_and_scrub_season1_sum_prev,6.092198e-05,hb,1,2026-08-01
EVI_z_score_shrub_and_scrub_season1_mean_prev,0.00015946697,hb,1,2026-08-01
EVI_z_score_trees_season1_max_prev,0.0010427003,hb,1,2026-08-01
EVI_z_score_trees_season1_sum_prev,0.00015167781,hb,1,2026-08-01
EVI_z_score_trees_season1_mean_prev,3.7294663e-05,hb,1,2026-08-01
bare_season1_max_prev,0.0021328535,hb,1,2026-08-01
bare_season1_sum_prev,0.00014480216,hb,1,2026-08-01
bare_season1_mean_prev,1.0451856e-05,hb,1,2026-08-01
built_season1_max_prev,9.836631e-05,hb,1,2026-08-01
built_season1_sum_prev,0.00019401022,hb,1,2026-08-01
built_season1_mean_prev,3.5723835e-05,hb,1,2026-08-01
crops_season1_max_prev,0.00025482266,hb,1,2026-08-01
crops_season1_sum_prev,0.00024815046,hb,1,2026-08-01
crops_season1_mean_prev,0.00023189688,hb,1,2026-08-01
flooded_vegetation_season1_max_prev,5.6506775e-05,hb,1,2026-08-01
flooded_vegetation_season1_sum_prev,4.5679786e-05,hb,1,2026-08-01
flooded_vegetation_season1_mean_prev,0.0,hb,1,2026-08-01
grass_season1_max_prev,0.000119168595,hb,1,2026-08-01
grass_season1_sum_prev,0.0010664882,hb,1,2026-08-01
grass_season1_mean_prev,0.00093642,hb,1,2026-08-01
shrub_and_scrub_season1_max_prev,0.0001313668,hb,1,2026-08-01
shrub_and_scrub_season1_sum_prev,0.00047521497,hb,1,2026-08-01
shrub_and_scrub_season1_mean_prev,0.00012555937,hb,1,2026-08-01
trees_season1_max_prev,0.00017757204,hb,1,2026-08-01
trees_season1_sum_prev,0.00087920076,hb,1,2026-08-01
trees_season1_mean_prev,1.2654339e-05,hb,1,2026-08-01
water_season1_max_prev,7.06504e-05,hb,1,2026-08-01
water_season1_sum_prev,0.00016868883,hb,1,2026-08-01
water_season1_mean_prev,0.0,hb,1,2026-08-01
avg_temp_z_score_season2_max_prev,0.00066590717,hb,1,2026-08-01
avg_temp_z_score_season2_sum_prev,4.4294946e-05,hb,1,2026-08-01
avg_temp_z_score_season2_mean_prev,7.3745196e-06,hb,1,2026-08-01
hot_days_z_score_season2_max_prev,0.00014976141,hb,1,2026-08-01
hot_days_z_score_season2_sum_prev,0.00020698576,hb,1,2026-08-01
hot_days_z_score_season2_mean_prev,0.00016615086,hb,1,2026-08-01
cold_days_z_score_season2_max_prev,0.0012754187,hb,1,2026-08-01
cold_days_z_score_season2_sum_prev,0.0,hb,1,2026-08-01
cold_days_z_score_season2_mean_prev,0.0,hb,1,2026-08-01
consec_hot_days_z_score_season2_max_prev,0.00011902675,hb,1,2026-08-01
consec_hot_days_z_score_season2_sum_prev,4.418855e-05,hb,1,2026-08-01
consec_hot_days_z_score_season2_mean_prev,0.0,hb,1,2026-08-01
consec_cold_days_z_score_season2_max_prev,0.0,hb,1,2026-08-01
consec_cold_days_z_score_season2_sum_prev,0.0004778742,hb,1,2026-08-01
consec_cold_days_z_score_season2_mean_prev,0.0,hb,1,2026-08-01
precip_total_z_score_season2_max_prev,0.0073307278,hb,1,2026-08-01
precip_total_z_score_season2_sum_prev,0.0001386299,hb,1,2026-08-01
precip_total_z_score_season2_mean_prev,0.0,hb,1,2026-08-01
wet_days_z_score_season2_max_prev,0.00037256704,hb,1,2026-08-01
wet_days_z_score_season2_sum_prev,0.00035149915,hb,1,2026-08-01
wet_days_z_score_season2_mean_prev,8.269689e-06,hb,1,2026-08-01
dry_days_z_score_season2_max_prev,0.0002055918,hb,1,2026-08-01
dry_days_z_score_season2_sum_prev,0.0,hb,1,2026-08-01
dry_days_z_score_season2_mean_prev,0.0,hb,1,2026-08-01
consec_wet_days_z_score_season2_max_prev,4.017118e-05,hb,1,2026-08-01
consec_wet_days_z_score_season2_sum_prev,6.44128e-05,hb,1,2026-08-01
consec_wet_days_z_score_season2_mean_prev,0.00053749024,hb,1,2026-08-01
consec_dry_days_z_score_season2_max_prev,4.6707533e-05,hb,1,2026-08-01
consec_dry_days_z_score_season2_sum_prev,0.000121524856,hb,1,2026-08-01
consec_dry_days_z_score_season2_mean_prev,3.805939e-05,hb,1,2026-08-01
NDVI_mean_season2_max_prev,0.00011013857,hb,1,2026-08-01
NDVI_mean_season2_sum_prev,0.00016034016,hb,1,2026-08-01
NDVI_mean_season2_mean_prev,1.7274486e-05,hb,1,2026-08-01
EVI_mean_season2_max_prev,0.0013397913,hb,1,2026-08-01
EVI_mean_season2_sum_prev,0.0023560582,hb,1,2026-08-01
EVI_mean_season2_mean_prev,0.0,hb,1,2026-08-01
NDVI_z_score_season2_max_prev,1.9892042e-05,hb,1,2026-08-01
NDVI_z_score_season2_sum_prev,0.0,hb,1,2026-08-01
NDVI_z_score_season2_mean_prev,6.2709787e-06,hb,1,2026-08-01
EVI_z_score_season2_max_prev,1.4730715e-05,hb,1,2026-08-01
EVI_z_score_season2_sum_prev,0.0,hb,1,2026-08-01
EVI_z_score_season2_mean_prev,0.0,hb,1,2026-08-01
NDVI_z_score_crops_season2_max_prev,0.00028985264,hb,1,2026-08-01
NDVI_z_score_crops_season2_sum_prev,0.000112478156,hb,1,2026-08-01
NDVI_z_score_crops_season2_mean_prev,0.00013555633,hb,1,2026-08-01
NDVI_z_score_grass_season2_max_prev,0.0008257168,hb,1,2026-08-01
NDVI_z_score_grass_season2_sum_prev,0.0002923986,hb,1,2026-08-01
NDVI_z_score_grass_season2_mean_prev,2.2266568e-05,hb,1,2026-08-01
NDVI_z_score_shrub_and_scrub_season2_max_prev,6.438887e-05,hb,1,2026-08-01
NDVI_z_score_shrub_and_scrub_season2_sum_prev,4.706523e-05,hb,1,2026-08-01
NDVI_z_score_shrub_and_scrub_season2_mean_prev,2.3355067e-05,hb,1,2026-08-01
NDVI_z_score_trees_season2_max_prev,0.00040124584,hb,1,2026-08-01
NDVI_z_score_trees_season2_sum_prev,3.1480515e-05,hb,1,2026-08-01
NDVI_z_score_trees_season2_mean_prev,8.3041916e-05,hb,1,2026-08-01
EVI_z_score_crops_season2_max_prev,0.00012060597,hb,1,2026-08-01
EVI_z_score_crops_season2_sum_prev,1.708745e-05,hb,1,2026-08-01
EVI_z_score_crops_season2_mean_prev,0.0006684851,hb,1,2026-08-01
EVI_z_score_grass_season2_max_prev,2.7192678e-05,hb,1,2026-08-01
EVI_z_score_grass_season2_sum_prev,0.00016685826,hb,1,2026-08-01
EVI_z_score_grass_season2_mean_prev,7.747046e-06,hb,1,2026-08-01
EVI_z_score_shrub_and_scrub_season2_max_prev,5.5598593e-05,hb,1,2026-08-01
EVI_z_score_shrub_and_scrub_season2_sum_prev,4.6922298e-05,hb,1,2026-08-01
EVI_z_score_shrub_and_scrub_season2_mean_prev,1.8018256e-05,hb,1,2026-08-01
EVI_z_score_trees_season2_max_prev,2.4615978e-05,hb,1,2026-08-01
EVI_z_score_trees_season2_sum_prev,0.0001437034,hb,1,2026-08-01
EVI_z_score_trees_season2_mean_prev,0.00060965796,hb,1,2026-08-01
bare_season2_max_prev,0.00086549745,hb,1,2026-08-01
bare_season2_sum_prev,0.00019351568,hb,1,2026-08-01
bare_season2_mean_prev,1.7838436e-05,hb,1,2026-08-01
built_season2_max_prev,7.021196e-05,hb,1,2026-08-01
built_season2_sum_prev,8.852762e-05,hb,1,2026-08-01
built_season2_mean_prev,1.8018694e-05,hb,1,2026-08-01
crops_season2_max_prev,0.00015095023,hb,1,2026-08-01
crops_season2_sum_prev,0.00019641838,hb,1,2026-08-01
crops_season2_mean_prev,1.0868437e-05,hb,1,2026-08-01
flooded_vegetation_season2_max_prev,2.8379323e-05,hb,1,2026-08-01
flooded_vegetation_season2_sum_prev,1.3638061e-05,hb,1,2026-08-01
flooded_vegetation_season2_mean_prev,0.0,hb,1,2026-08-01
grass_season2_max_prev,0.00086807855,hb,1,2026-08-01
grass_season2_sum_prev,0.00015200237,hb,1,2026-08-01
grass_season2_mean_prev,0.0,hb,1,2026-08-01
shrub_and_scrub_season2_max_prev,5.7397454e-05,hb,1,2026-08-01
shrub_and_scrub_season2_sum_prev,0.00012799942,hb,1,2026-08-01
shrub_and_scrub_season2_mean_prev,4.7814123e-05,hb,1,2026-08-01
trees_season2_max_prev,0.00017948024,hb,1,2026-08-01
trees_season2_sum_prev,9.961065e-05,hb,1,2026-08-01
trees_season2_mean_prev,0.0,hb,1,2026-08-01
water_season2_max_prev,0.0007865195,hb,1,2026-08-01
water_season2_sum_prev,0.0005049121,hb,1,2026-08-01
water_season2_mean_prev,0.0,hb,1,2026-08-01
avg_temp_z_score_lag_1,0.003730181,hb,1,2026-08-01
hot_days_z_score_lag_1,0.002359378,hb,1,2026-08-01
cold_days_z_score_lag_1,0.0013205269,hb,1,2026-08-01
consec_hot_days_z_score_lag_1,0.00025168146,hb,1,2026-08-01
consec_cold_days_z_score_lag_1,4.6067817e-05,hb,1,2026-08-01
precip_total_z_score_lag_1,0.00051210326,hb,1,2026-08-01
wet_days_z_score_lag_1,0.00051202165,hb,1,2026-08-01
dry_days_z_score_lag_1,1.3641977e-05,hb,1,2026-08-01
consec_wet_days_z_score_lag_1,0.00083444326,hb,1,2026-08-01
consec_dry_days_z_score_lag_1,0.00014918557,hb,1,2026-08-01
conflict_100km_lag_1,0.00031897647,hb,1,2026-08-01
conflict_500km_lag_1,0.0005125311,hb,1,2026-08-01
fatalities_100km_lag_1,0.00022080439,hb,1,2026-08-01
fatalities_500km_lag_1,0.0003912724,hb,1,2026-08-01
conflict_12m_100km_lag_1,0.00022347887,hb,1,2026-08-01
conflict_12m_500km_lag_1,0.00050443126,hb,1,2026-08-01
fatalities_12m_100km_lag_1,0.00032637376,hb,1,2026-08-01
fatalities_12m_500km_lag_1,0.00014572211,hb,1,2026-08-01
NDVI_mean_lag_1,0.00027557142,hb,1,2026-08-01
EVI_mean_lag_1,0.00015461633,hb,1,2026-08-01
NDVI_z_score_lag_1,0.00011353697,hb,1,2026-08-01
EVI_z_score_lag_1,4.1408588e-05,hb,1,2026-08-01
NDVI_z_score_crops_lag_1,8.033858e-05,hb,1,2026-08-01
NDVI_z_score_grass_lag_1,9.9534125e-05,hb,1,2026-08-01
NDVI_z_score_shrub_and_scrub_lag_1,4.993337e-05,hb,1,2026-08-01
NDVI_z_score_trees_lag_1,0.00018907487,hb,1,2026-08-01
EVI_z_score_crops_lag_1,2.9882545e-05,hb,1,2026-08-01
EVI_z_score_grass_lag_1,0.00016428156,hb,1,2026-08-01
EVI_z_score_shrub_and_scrub_lag_1,0.00011823548,hb,1,2026-08-01
EVI_z_score_trees_lag_1,0.0002822486,hb,1,2026-08-01
bare_lag_1,0.00014951099,hb,1,2026-08-01
built_lag_1,0.00013807345,hb,1,2026-08-01
crops_lag_1,0.0003608886,hb,1,2026-08-01
flooded_vegetation_lag_1,7.5853844e-05,hb,1,2026-08-01
grass_lag_1,0.00011548466,hb,1,2026-08-01
shrub_and_scrub_lag_1,8.6914566e-05,hb,1,2026-08-01
trees_lag_1,0.00012134784,hb,1,2026-08-01
water_lag_1,0.00022526822,hb,1,2026-08-01
bare_delta_lag_1,0.00015228117,hb,1,2026-08-01
built_delta_lag_1,0.0005585389,hb,1,2026-08-01
crops_delta_lag_1,0.00022025664,hb,1,2026-08-01
flooded_vegetation_delta_lag_1,7.136271e-05,hb,1,2026-08-01
grass_delta_lag_1,0.00011847843,hb,1,2026-08-01
shrub_and_scrub_delta_lag_1,0.00015586022,hb,1,2026-08-01
trees_delta_lag_1,0.00031120537,hb,1,2026-08-01
water_delta_lag_1,0.00010303734,hb,1,2026-08-01
wasting_lag_1,0.04550486,hb,1,2026-08-01
wasting_risk_lag_1,0.00024658543,hb,1,2026-08-01
wasting_delta_lag_1,0.001562566,hb,1,2026-08-01
wasting_risk_delta_lag_1,0.00085244834,hb,1,2026-08-01
wasting_sm_lag_1,0.81957436,hb,1,2026-08-01
wasting_sm_risk_lag_1,0.0034660553,hb,1,2026-08-01
avg_temp_z_score_lag_2,0.0002393213,hb,1,2026-08-01
hot_days_z_score_lag_2,0.00016372224,hb,1,2026-08-01
cold_days_z_score_lag_2,0.0002938307,hb,1,2026-08-01
consec_hot_days_z_score_lag_2,5.94479e-05,hb,1,2026-08-01
consec_cold_days_z_score_lag_2,0.0006177866,hb,1,2026-08-01
precip_total_z_score_lag_2,0.000117068455,hb,1,2026-08-01
wet_days_z_score_lag_2,0.0005016988,hb,1,2026-08-01
dry_days_z_score_lag_2,0.00085213536,hb,1,2026-08-01
consec_wet_days_z_score_lag_2,7.8144585e-05,hb,1,2026-08-01
consec_dry_days_z_score_lag_2,0.00015269296,hb,1,2026-08-01
conflict_100km_lag_2,0.00016924378,hb,1,2026-08-01
conflict_500km_lag_2,0.00015281404,hb,1,2026-08-01
fatalities_100km_lag_2,0.00028248018,hb,1,2026-08-01
fatalities_500km_lag_2,0.00017289564,hb,1,2026-08-01
conflict_12m_100km_lag_2,0.00097401976,hb,1,2026-08-01
conflict_12m_500km_lag_2,0.00031871442,hb,1,2026-08-01
fatalities_12m_100km_lag_2,0.00024021449,hb,1,2026-08-01
fatalities_12m_500km_lag_2,2.3286102e-05,hb,1,2026-08-01
NDVI_mean_lag_2,0.00012860817,hb,1,2026-08-01
EVI_mean_lag_2,5.9679704e-05,hb,1,2026-08-01
NDVI_z_score_lag_2,4.169519e-05,hb,1,2026-08-01
EVI_z_score_lag_2,3.2947195e-05,hb,1,2026-08-01
NDVI_z_score_crops_lag_2,0.0008598808,hb,1,2026-08-01
NDVI_z_score_grass_lag_2,0.0001836724,hb,1,2026-08-01
NDVI_z_score_shrub_and_scrub_lag_2,7.763476e-05,hb,1,2026-08-01
NDVI_z_score_trees_lag_2,0.00017827084,hb,1,2026-08-01
EVI_z_score_crops_lag_2,0.00017262873,hb,1,2026-08-01
EVI_z_score_grass_lag_2,8.849926e-05,hb,1,2026-08-01
EVI_z_score_shrub_and_scrub_lag_2,0.00013414118,hb,1,2026-08-01
EVI_z_score_trees_lag_2,0.0011064606,hb,1,2026-08-01
bare_lag_2,0.0001883084,hb,1,2026-08-01
built_lag_2,0.00012692774,hb,1,2026-08-01
crops_lag_2,0.00036005423,hb,1,2026-08-01
flooded_vegetation_lag_2,9.2212074e-05,hb,1,2026-08-01
grass_lag_2,9.8953205e-05,hb,1,2026-08-01
shrub_and_scrub_lag_2,0.0001981051,hb,1,2026-08-01
trees_lag_2,0.00024659818,hb,1,2026-08-01
water_lag_2,0.00029443178,hb,1,2026-08-01
bare_delta_lag_2,0.00019307746,hb,1,2026-08-01
built_delta_lag_2,0.00026598174,hb,1,2026-08-01
crops_delta_lag_2,0.00015949001,hb,1,2026-08-01
flooded_vegetation_delta_lag_2,0.00094807055,hb,1,2026-08-01
grass_delta_lag_2,6.291943e-05,hb,1,2026-08-01
shrub_and_scrub_delta_lag_2,0.000104843035,hb,1,2026-08-01
trees_delta_lag_2,8.476999e-05,hb,1,2026-08-01
water_delta_lag_2,0.0001000626,hb,1,2026-08-01
wasting_lag_2,0.0077383607,hb,1,2026-08-01
wasting_risk_lag_2,0.00022305053,hb,1,2026-08-01
wasting_delta_lag_2,0.00028737803,hb,1,2026-08-01
wasting_risk_delta_lag_2,0.0010962844,hb,1,2026-08-01
wasting_sm_lag_2,0.00023595181,hb,1,2026-08-01
wasting_sm_risk_lag_2,0.0011940857,hb,1,2026-08-01
avg_temp_z_score_lag_3,3.1545133e-05,hb,1,2026-08-01
hot_days_z_score_lag_3,0.00025506935,hb,1,2026-08-01
cold_days_z_score_lag_3,0.00011171116,hb,1,2026-08-01
consec_hot_days_z_score_lag_3,0.00011756216,hb,1,2026-08-01
consec_cold_days_z_score_lag_3,6.3466236e-05,hb,1,2026-08-01
precip_total_z_score_lag_3,0.00013660653,hb,1,2026-08-01
wet_days_z_score_lag_3,0.0003084144,hb,1,2026-08-01
dry_days_z_score_lag_3,1.0585036e-05,hb,1,2026-08-01
consec_wet_days_z_score_lag_3,0.00011108706,hb,1,2026-08-01
consec_dry_days_z_score_lag_3,7.006312e-05,hb,1,2026-08-01
conflict_100km_lag_3,7.0219845e-05,hb,1,2026-08-01
conflict_500km_lag_3,0.00012305248,hb,1,2026-08-01
fatalities_100km_lag_3,9.301258e-05,hb,1,2026-08-01
fatalities_500km_lag_3,4.868419e-05,hb,1,2026-08-01
conflict_12m_100km_lag_3,0.00043194814,hb,1,2026-08-01
conflict_12m_500km_lag_3,0.00019865093,hb,1,2026-08-01
fatalities_12m_100km_lag_3,0.00024255153,hb,1,2026-08-01
fatalities_12m_500km_lag_3,0.0030245564,hb,1,2026-08-01
NDVI_mean_lag_3,0.00053181674,hb,1,2026-08-01
EVI_mean_lag_3,3.0894742e-05,hb,1,2026-08-01
NDVI_z_score_lag_3,0.0001846373,hb,1,2026-08-01
EVI_z_score_lag_3,0.00089194486,hb,1,2026-08-01
NDVI_z_score_crops_lag_3,0.00024707505,hb,1,2026-08-01
NDVI_z_score_grass_lag_3,0.0001934768,hb,1,2026-08-01
NDVI_z_score_shrub_and_scrub_lag_3,5.0678813e-05,hb,1,2026-08-01
NDVI_z_score_trees_lag_3,3.8432743e-05,hb,1,2026-08-01
EVI_z_score_crops_lag_3,0.0015070655,hb,1,2026-08-01
EVI_z_score_grass_lag_3,0.00032958534,hb,1,2026-08-01
EVI_z_score_shrub_and_scrub_lag_3,0.00081660796,hb,1,2026-08-01
EVI_z_score_trees_lag_3,0.0003924661,hb,1,2026-08-01
bare_lag_3,6.5882305e-05,hb,1,2026-08-01
built_lag_3,0.00092199555,hb,1,2026-08-01
crops_lag_3,0.00018997639,hb,1,2026-08-01
flooded_vegetation_lag_3,0.00013758932,hb,1,2026-08-01
grass_lag_3,8.5391286e-05,hb,1,2026-08-01
shrub_and_scrub_lag_3,0.00020376315,hb,1,2026-08-01
trees_lag_3,9.3662245e-05,hb,1,2026-08-01
water_lag_3,0.00018773483,hb,1,2026-08-01
bare_delta_lag_3,7.19578e-05,hb,1,2026-08-01
built_delta_lag_3,7.081369e-05,hb,1,2026-08-01
crops_delta_lag_3,6.1417326e-05,hb,1,2026-08-01
flooded_vegetation_delta_lag_3,7.2259885e-05,hb,1,2026-08-01
grass_delta_lag_3,0.00020927409,hb,1,2026-08-01
shrub_and_scrub_delta_lag_3,5.6952762e-05,hb,1,2026-08-01
trees_delta_lag_3,0.00011248559,hb,1,2026-08-01
water_delta_lag_3,8.138898e-05,hb,1,2026-08-01
wasting_lag_3,0.0010689847,hb,1,2026-08-01
wasting_risk_lag_3,0.0027319174,hb,1,2026-08-01
wasting_delta_lag_3,0.0002696542,hb,1,2026-08-01
wasting_risk_delta_lag_3,0.00024786385,hb,1,2026-08-01
wasting_sm_lag_3,0.00012393325,hb,1,2026-08-01
wasting_sm_risk_lag_3,0.00083471753,hb,1,2026-08-01
travel_time_to_cities_2015,0.0037022932,hb,2,2026-09-01
density_2015,0.004723944,hb,2,2026-09-01
density_2020,0.00043629715,hb,2,2026-09-01
delta_2015_2020,0.0028977415,hb,2,2026-09-01
avg_temp_z_score_season1_max_prev,0.009263153,hb,2,2026-09-01
avg_temp_z_score_season1_sum_prev,0.00015508634,hb,2,2026-09-01
avg_temp_z_score_season1_mean_prev,0.0002354625,hb,2,2026-09-01
hot_days_z_score_season1_max_prev,8.2159364e-05,hb,2,2026-09-01
hot_days_z_score_season1_sum_prev,0.00038894045,hb,2,2026-09-01
hot_days_z_score_season1_mean_prev,0.0043011904,hb,2,2026-09-01
cold_days_z_score_season1_max_prev,6.5595e-05,hb,2,2026-09-01
cold_days_z_score_season1_sum_prev,1.5012918e-05,hb,2,2026-09-01
cold_days_z_score_season1_mean_prev,0.0,hb,2,2026-09-01
consec_hot_days_z_score_season1_max_prev,4.127402e-05,hb,2,2026-09-01
consec_hot_days_z_score_season1_sum_prev,0.00012019628,hb,2,2026-09-01
consec_hot_days_z_score_season1_mean_prev,0.0,hb,2,2026-09-01
consec_cold_days_z_score_season1_max_prev,0.0,hb,2,2026-09-01
consec_cold_days_z_score_season1_sum_prev,0.0,hb,2,2026-09-01
consec_cold_days_z_score_season1_mean_prev,0.0,hb,2,2026-09-01
precip_total_z_score_season1_max_prev,0.00036559135,hb,2,2026-09-01
precip_total_z_score_season1_sum_prev,0.0006363692,hb,2,2026-09-01
precip_total_z_score_season1_mean_prev,6.802663e-06,hb,2,2026-09-01
wet_days_z_score_season1_max_prev,0.0007654165,hb,2,2026-09-01
wet_days_z_score_season1_sum_prev,0.0019689503,hb,2,2026-09-01
wet_days_z_score_season1_mean_prev,4.2073384e-06,hb,2,2026-09-01
dry_days_z_score_season1_max_prev,0.00112235,hb,2,2026-09-01
dry_days_z_score_season1_sum_prev,0.00020258848,hb,2,2026-09-01
dry_days_z_score_season1_mean_prev,0.0,hb,2,2026-09-01
consec_wet_days_z_score_season1_max_prev,9.388467e-05,hb,2,2026-09-01
consec_wet_days_z_score_season1_sum_prev,0.007479386,hb,2,2026-09-01
consec_wet_days_z_score_season1_mean_prev,4.171465e-06,hb,2,2026-09-01
consec_dry_days_z_score_season1_max_prev,0.00013155639,hb,2,2026-09-01
consec_dry_days_z_score_season1_sum_prev,0.00036600014,hb,2,2026-09-01
consec_dry_days_z_score_season1_mean_prev,0.0002574905,hb,2,2026-09-01
NDVI_mean_season1_max_prev,0.0022172725,hb,2,2026-09-01
NDVI_mean_season1_sum_prev,0.0011083583,hb,2,2026-09-01
NDVI_mean_season1_mean_prev,1.1821327e-05,hb,2,2026-09-01
EVI_mean_season1_max_prev,0.00012375857,hb,2,2026-09-01
EVI_mean_season1_sum_prev,2.0088235e-05,hb,2,2026-09-01
EVI_mean_season1_mean_prev,3.21422e-05,hb,2,2026-09-01
NDVI_z_score_season1_max_prev,3.481653e-05,hb,2,2026-09-01
NDVI_z_score_season1_sum_prev,0.0,hb,2,2026-09-01
NDVI_z_score_season1_mean_prev,0.00018437617,hb,2,2026-09-01
EVI_z_score_season1_max_prev,0.0012931854,hb,2,2026-09-01
EVI_z_score_season1_sum_prev,2.0198819e-05,hb,2,2026-09-01
EVI_z_score_season1_mean_prev,4.9980745e-06,hb,2,2026-09-01
NDVI_z_score_crops_season1_max_prev,3.321475e-05,hb,2,2026-09-01
NDVI_z_score_crops_season1_sum_prev,0.009939607,hb,2,2026-09-01
NDVI_z_score_crops_season1_mean_prev,1.6999971e-05,hb,2,2026-09-01
NDVI_z_score_grass_season1_max_prev,0.00046562584,hb,2,2026-09-01
NDVI_z_score_grass_season1_sum_prev,0.00033187083,hb,2,2026-09-01
NDVI_z_score_grass_season1_mean_prev,0.00014332199,hb,2,2026-09-01
NDVI_z_score_shrub_and_scrub_season1_max_prev,0.0010437713,hb,2,2026-09-01
NDVI_z_score_shrub_and_scrub_season1_sum_prev,0.00031209397,hb,2,2026-09-01
NDVI_z_score_shrub_and_scrub_season1_mean_prev,0.000100928744,hb,2,2026-09-01
NDVI_z_score_trees_season1_max_prev,0.00023609416,hb,2,2026-09-01
NDVI_z_score_trees_season1_sum_prev,0.0013353663,hb,2,2026-09-01
NDVI_z_score_trees_season1_mean_prev,0.00014087425,hb,2,2026-09-01
EVI_z_score_crops_season1_max_prev,4.5255703e-05,hb,2,2026-09-01
EVI_z_score_crops_season1_sum_prev,0.0033797584,hb,2,2026-09-01
EVI_z_score_crops_season1_mean_prev,7.170003e-05,hb,2,2026-09-01
EVI_z_score_grass_season1_max_prev,0.0002777767,hb,2,2026-09-01
EVI_z_score_grass_season1_sum_prev,7.319059e-05,hb,2,2026-09-01
EVI_z_score_grass_season1_mean_prev,0.0001578421,hb,2,2026-09-01
EVI_z_score_shrub_and_scrub_season1_max_prev,0.0029918975,hb,2,2026-09-01
EVI_z_score_shrub_and_scrub_season1_sum_prev,2.5087547e-05,hb,2,2026-09-01
EVI_z_score_shrub_and_scrub_season1_mean_prev,6.3463353e-06,hb,2,2026-09-01
EVI_z_score_trees_season1_max_prev,0.0012620107,hb,2,2026-09-01
EVI_z_score_trees_season1_sum_prev,0.0002377978,hb,2,2026-09-01
EVI_z_score_trees_season1_mean_prev,0.00047061755,hb,2,2026-09-01
bare_season1_max_prev,0.0015516678,hb,2,2026-09-01
bare_season1_sum_prev,0.00044133715,hb,2,2026-09-01
bare_season1_mean_prev,2.5172169e-05,hb,2,2026-09-01
built_season1_max_prev,8.197709e-05,hb,2,2026-09-01
built_season1_sum_prev,0.0002633309,hb,2,2026-09-01
built_season1_mean_prev,1.0724708e-05,hb,2,2026-09-01
crops_season1_max_prev,4.2261352e-05,hb,2,2026-09-01
crops_season1_sum_prev,0.000108673594,hb,2,2026-09-01
crops_season1_mean_prev,3.231649e-05,hb,2,2026-09-01
flooded_vegetation_season1_max_prev,3.7986683e-05,hb,2,2026-09-01
flooded_vegetation_season1_sum_prev,0.0,hb,2,2026-09-01
flooded_vegetation_season1_mean_prev,0.0,hb,2,2026-09-01
grass_season1_max_prev,0.0006818533,hb,2,2026-09-01
grass_season1_sum_prev,5.8627866e-06,hb,2,2026-09-01
grass_season1_mean_prev,5.9112557e-05,hb,2,2026-09-01
shrub_and_scrub_season1_max_prev,0.00021482319,hb,2,2026-09-01
shrub_and_scrub_season1_sum_prev,0.00013767809,hb,2,2026-09-01
shrub_and_scrub_season1_mean_prev,9.536543e-06,hb,2,2026-09-01
trees_season1_max_prev,9.426834e-05,hb,2,2026-09-01
trees_season1_sum_prev,0.0006110075,hb,2,2026-09-01
trees_season1_mean_prev,6.2965264e-05,hb,2,2026-09-01
water_season1_max_prev,0.0002862942,hb,2,2026-09-01
water_season1_sum_prev,0.0,hb,2,2026-09-01
water_season1_mean_prev,2.193302e-05,hb,2,2026-09-01
avg_temp_z_score_season2_max_prev,0.0005450726,hb,2,2026-09-01
avg_temp_z_score_season2_sum_prev,8.98004e-05,hb,2,2026-09-01
avg_temp_z_score_season2_mean_prev,1.3429146e-05,hb,2,2026-09-01
hot_days_z_score_season2_max_prev,0.00030560698,hb,2,2026-09-01
hot_days_z_score_season2_sum_prev,0.00048331288,hb,2,2026-09-01
hot_days_z_score_season2_mean_prev,0.00021045066,hb,2,2026-09-01
cold_days_z_score_season2_max_prev,0.0007065545,hb,2,2026-09-01
cold_days_z_score_season2_sum_prev,0.00034350125,hb,2,2026-09-01
cold_days_z_score_season2_mean_prev,0.0,hb,2,2026-09-01
consec_hot_days_z_score_season2_max_prev,0.00016988069,hb,2,2026-09-01
consec_hot_days_z_score_season2_sum_prev,5.0445127e-05,hb,2,2026-09-01
consec_hot_days_z_score_season2_mean_prev,0.0,hb,2,2026-09-01
consec_cold_days_z_score_season2_max_prev,9.1352595e-05,hb,2,2026-09-01
consec_cold_days_z_score_season2_sum_prev,0.0012973064,hb,2,2026-09-01
consec_cold_days_z_score_season2_mean_prev,0.0,hb,2,2026-09-01
precip_total_z_score_season2_max_prev,0.014105749,hb,2,2026-09-01
precip_total_z_score_season2_sum_prev,0.00034520292,hb,2,2026-09-01
precip_total_z_score_season2_mean_prev,5.8788096e-06,hb,2,2026-09-01
wet_days_z_score_season2_max_prev,9.559933e-05,hb,2,2026-09-01
wet_days_z_score_season2_sum_prev,0.0033334761,hb,2,2026-09-01
wet_days_z_score_season2_mean_prev,0.0,hb,2,2026-09-01
dry_days_z_score_season2_max_prev,5.3907326e-05,hb,2,2026-09-01
dry_days_z_score_season2_sum_prev,6.996309e-06,hb,2,2026-09-01
dry_days_z_score_season2_mean_prev,0.0,hb,2,2026-09-01
consec_wet_days_z_score_season2_max_prev,9.766477e-05,hb,2,2026-09-01
consec_wet_days_z_score_season2_sum_prev,0.00011364459,hb,2,2026-09-01
consec_wet_days_z_score_season2_mean_prev,0.0,hb,2,2026-09-01
consec_dry_days_z_score_season2_max_prev,0.00018626256,hb,2,2026-09-01
consec_dry_days_z_score_season2_sum_prev,0.00021974523,hb,2,2026-09-01
consec_dry_days_z_score_season2_mean_prev,6.491734e-05,hb,2,2026-09-01
NDVI_mean_season2_max_prev,4.9779924e-06,hb,2,2026-09-01
NDVI_mean_season2_sum_prev,0.0064003086,hb,2,2026-09-01
NDVI_mean_season2_mean_prev,1.0051822e-05,hb,2,2026-09-01
EVI_mean_season2_max_prev,0.00050592824,hb,2,2026-09-01
EVI_mean_season2_sum_prev,7.3692026e-06,hb,2,2026-09-01
EVI_mean_season2_mean_prev,4.259757e-05,hb,2,2026-09-01
NDVI_z_score_season2_max_prev,0.00012909084,hb,2,2026-09-01
NDVI_z_score_season2_sum_prev,4.3713535e-06,hb,2,2026-09-01
NDVI_z_score_season2_mean_prev,0.0,hb,2,2026-09-01
EVI_z_score_season2_max_prev,0.0003190734,hb,2,2026-09-01
EVI_z_score_season2_sum_prev,5.0099115e-06,hb,2,2026-09-01
EVI_z_score_season2_mean_prev,0.0,hb,2,2026-09-01
NDVI_z_score_crops_season2_max_prev,0.0009031876,hb,2,2026-09-01
NDVI_z_score_crops_season2_sum_prev,6.8811016e-05,hb,2,2026-09-01
NDVI_z_score_crops_season2_mean_prev,0.0002868567,hb,2,2026-09-01
NDVI_z_score_grass_season2_max_prev,0.00014012457,hb,2,2026-09-01
NDVI_z_score_grass_season2_sum_prev,0.0001966854,hb,2,2026-09-01
NDVI_z_score_grass_season2_mean_prev,4.507332e-05,hb,2,2026-09-01
NDVI_z_score_shrub_and_scrub_season2_max_prev,1.3575274e-05,hb,2,2026-09-01
NDVI_z_score_shrub_and_scrub_season2_sum_prev,1.1755187e-05,hb,2,2026-09-01
NDVI_z_score_shrub_and_scrub_season2_mean_prev,2.0376812e-05,hb,2,2026-09-01
NDVI_z_score_trees_season2_max_prev,1.7166785e-05,hb,2,2026-09-01
NDVI_z_score_trees_season2_sum_prev,2.0889807e-05,hb,2,2026-09-01
NDVI_z_score_trees_season2_mean_prev,8.572282e-06,hb,2,2026-09-01
EVI_z_score_crops_season2_max_prev,0.0006062193,hb,2,2026-09-01
EVI_z_score_crops_season2_sum_prev,5.8479665e-05,hb,2,2026-09-01
EVI_z_score_crops_season2_mean_prev,2.1289901e-05,hb,2,2026-09-01
EVI_z_score_grass_season2_max_prev,0.00016881022,hb,2,2026-09-01
EVI_z_score_grass_season2_sum_prev,0.00029359042,hb,2,2026-09-01
EVI_z_score_grass_season2_mean_prev,0.00017919924,hb,2,2026-09-01
EVI_z_score_shrub_and_scrub_season2_max_prev,0.00055680634,hb,2,2026-09-01
EVI_z_score_shrub_and_scrub_season2_sum_prev,2.3976652e-05,hb,2,2026-09-01
EVI_z_score_shrub_and_scrub_season2_mean_prev,0.0012741475,hb,2,2026-09-01
EVI_z_score_trees_season2_max_prev,0.0005752531,hb,2,2026-09-01
EVI_z_score_trees_season2_sum_prev,5.467241e-05,hb,2,2026-09-01
EVI_z_score_trees_season2_mean_prev,0.000197054,hb,2,2026-09-01
bare_season2_max_prev,4.2340147e-05,hb,2,2026-09-01
bare_season2_sum_prev,9.1872e-05,hb,2,2026-09-01
bare_season2_mean_prev,0.0,hb,2,2026-09-01
built_season2_max_prev,0.00018399482,hb,2,2026-09-01
built_season2_sum_prev,0.0005290326,hb,2,2026-09-01
built_season2_mean_prev,4.1505224e-05,hb,2,2026-09-01
crops_season2_max_prev,7.5563905e-05,hb,2,2026-09-01
crops_season2_sum_prev,0.00011497002,hb,2,2026-09-01
crops_season2_mean_prev,8.09733e-06,hb,2,2026-09-01
flooded_vegetation_season2_max_prev,0.00013662837,hb,2,2026-09-01
flooded_vegetation_season2_sum_prev,0.0006814817,hb,2,2026-09-01
flooded_vegetation_season2_mean_prev,0.0,hb,2,2026-09-01
grass_season2_max_prev,5.4456334e-05,hb,2,2026-09-01
grass_season2_sum_prev,4.478898e-05,hb,2,2026-09-01
grass_season2_mean_prev,8.502984e-05,hb,2,2026-09-01
shrub_and_scrub_season2_max_prev,4.9726048e-05,hb,2,2026-09-01
shrub_and_scrub_season2_sum_prev,0.00023832131,hb,2,2026-09-01
shrub_and_scrub_season2_mean_prev,9.447692e-05,hb,2,2026-09-01
trees_season2_max_prev,0.0005369547,hb,2,2026-09-01
trees_season2_sum_prev,0.00026062824,hb,2,2026-09-01
trees_season2_mean_prev,0.0,hb,2,2026-09-01
water_season2_max_prev,0.00068496104,hb,2,2026-09-01
water_season2_sum_prev,0.0008186957,hb,2,2026-09-01
water_season2_mean_prev,0.0,hb,2,2026-09-01
avg_temp_z_score_lag_2,0.003405338,hb,2,2026-09-01
hot_days_z_score_lag_2,0.0016860581,hb,2,2026-09-01
cold_days_z_score_lag_2,0.00014789235,hb,2,2026-09-01
consec_hot_days_z_score_lag_2,0.0004104728,hb,2,2026-09-01
consec_cold_days_z_score_lag_2,0.00031372713,hb,2,2026-09-01
precip_total_z_score_lag_2,0.00018373234,hb,2,2026-09-01
wet_days_z_score_lag_2,0.0003294635,hb,2,2026-09-01
dry_days_z_score_lag_2,2.885849e-05,hb,2,2026-09-01
consec_wet_days_z_score_lag_2,0.00017152773,hb,2,2026-09-01
consec_dry_days_z_score_lag_2,0.000523211,hb,2,2026-09-01
conflict_100km_lag_2,0.0005646033,hb,2,2026-09-01
conflict_500km_lag_2,0.0005013128,hb,2,2026-09-01
fatalities_100km_lag_2,0.0068046604,hb,2,2026-09-01
fatalities_500km_lag_2,7.03283e-05,hb,2,2026-09-01
conflict_12m_100km_lag_2,0.005798251,hb,2,2026-09-01
conflict_12m_500km_lag_2,0.0022215534,hb,2,2026-09-01
fatalities_12m_100km_lag_2,0.0022950547,hb,2,2026-09-01
fatalities_12m_500km_lag_2,0.00017592472,hb,2,2026-09-01
NDVI_mean_lag_2,0.00031192414,hb,2,2026-09-01
EVI_mean_lag_2,0.00023807112,hb,2,2026-09-01
NDVI_z_score_lag_2,0.0003213226,hb,2,2026-09-01
EVI_z_score_lag_2,0.00011556378,hb,2,2026-09-01
NDVI_z_score_crops_lag_2,0.00013090235,hb,2,2026-09-01
NDVI_z_score_grass_lag_2,0.00014576667,hb,2,2026-09-01
NDVI_z_score_shrub_and_scrub_lag_2,7.4273434e-05,hb,2,2026-09-01
NDVI_z_score_trees_lag_2,0.00046732355,hb,2,2026-09-01
EVI_z_score_crops_lag_2,4.8465725e-05,hb,2,2026-09-01
EVI_z_score_grass_lag_2,0.0002937771,hb,2,2026-09-01
EVI_z_score_shrub_and_scrub_lag_2,0.00069015473,hb,2,2026-09-01
EVI_z_score_trees_lag_2,0.00026170825,hb,2,2026-09-01
bare_lag_2,0.0002363863,hb,2,2026-09-01
built_lag_2,0.0003818371,hb,2,2026-09-01
crops_lag_2,0.00030789833,hb,2,2026-09-01
flooded_vegetation_lag_2,7.5219905e-05,hb,2,2026-09-01
grass_lag_2,0.000109601904,hb,2,2026-09-01
shrub_and_scrub_lag_2,0.0015198719,hb,2,2026-09-01
trees_lag_2,0.00023754511,hb,2,2026-09-01
water_lag_2,0.0007213693,hb,2,2026-09-01
bare_delta_lag_2,0.00016088183,hb,2,2026-09-01
built_delta_lag_2,0.0007836596,hb,2,2026-09-01
crops_delta_lag_2,0.00015647539,hb,2,2026-09-01
flooded_vegetation_delta_lag_2,0.00015349349,hb,2,2026-09-01
grass_delta_lag_2,4.319348e-05,hb,2,2026-09-01
shrub_and_scrub_delta_lag_2,6.821521e-05,hb,2,2026-09-01
trees_delta_lag_2,9.699692e-05,hb,2,2026-09-01
water_delta_lag_2,0.00035096667,hb,2,2026-09-01
wasting_lag_2,0.20820642,hb,2,2026-09-01
wasting_risk_lag_2,0.0018812488,hb,2,2026-09-01
wasting_delta_lag_2,0.005403338,hb,2,2026-09-01
wasting_risk_delta_lag_2,0.00010684752,hb,2,2026-09-01
wasting_sm_lag_2,0.5108561,hb,2,2026-09-01
wasting_sm_risk_lag_2,0.012784278,hb,2,2026-09-01
avg_temp_z_score_lag_3,0.0004377151,hb,2,2026-09-01
hot_days_z_score_lag_3,0.00059936225,hb,2,2026-09-01
cold_days_z_score_lag_3,0.00011516027,hb,2,2026-09-01
consec_hot_days_z_score_lag_3,0.0020465408,hb,2,2026-09-01
consec_cold_days_z_score_lag_3,4.9472415e-05,hb,2,2026-09-01
precip_total_z_score_lag_3,7.017652e-05,hb,2,2026-09-01
wet_days_z_score_lag_3,0.00014157331,hb,2,2026-09-01
dry_days_z_score_lag_3,0.00015427085,hb,2,2026-09-01
consec_wet_days_z_score_lag_3,9.387071e-05,hb,2,2026-09-01
consec_dry_days_z_score_lag_3,0.0002188282,hb,2,2026-09-01
conflict_100km_lag_3,6.616322e-05,hb,2,2026-09-01
conflict_500km_lag_3,0.00024109532,hb,2,2026-09-01
fatalities_100km_lag_3,6.5794426e-05,hb,2,2026-09-01
fatalities_500km_lag_3,0.00026988357,hb,2,2026-09-01
conflict_12m_100km_lag_3,0.0037166695,hb,2,2026-09-01
conflict_12m_500km_lag_3,0.000104433275,hb,2,2026-09-01
fatalities_12m_100km_lag_3,0.0040844455,hb,2,2026-09-01
fatalities_12m_500km_lag_3,0.00042146552,hb,2,2026-09-01
NDVI_mean_lag_3,0.00041722873,hb,2,2026-09-01
EVI_mean_lag_3,0.00031657136,hb,2,2026-09-01
NDVI_z_score_lag_3,0.00022623569,hb,2,2026-09-01
EVI_z_score_lag_3,0.00012410824,hb,2,2026-09-01
NDVI_z_score_crops_lag_3,9.7041106e-05,hb,2,2026-09-01
NDVI_z_score_grass_lag_3,7.292354e-05,hb,2,2026-09-01
NDVI_z_score_shrub_and_scrub_lag_3,9.61122e-05,hb,2,2026-09-01
NDVI_z_score_trees_lag_3,8.638162e-05,hb,2,2026-09-01
EVI_z_score_crops_lag_3,6.987341e-05,hb,2,2026-09-01
EVI_z_score_grass_lag_3,7.721786e-05,hb,2,2026-09-01
EVI_z_score_shrub_and_scrub_lag_3,0.00017227615,hb,2,2026-09-01
EVI_z_score_trees_lag_3,7.743714e-05,hb,2,2026-09-01
bare_lag_3,0.000482336,hb,2,2026-09-01
built_lag_3,0.00059560954,hb,2,2026-09-01
crops_lag_3,0.00016492506,hb,2,2026-09-01
flooded_vegetation_lag_3,0.00015356789,hb,2,2026-09-01
grass_lag_3,0.00020847732,hb,2,2026-09-01
shrub_and_scrub_lag_3,0.00038190302,hb,2,2026-09-01
trees_lag_3,0.00044175694,hb,2,2026-09-01
water_lag_3,6.698109e-05,hb,2,2026-09-01
bare_delta_lag_3,0.00010534574,hb,2,2026-09-01
built_delta_lag_3,0.00023287658,hb,2,2026-09-01
crops_delta_lag_3,4.6836216e-05,hb,2,2026-09-01
flooded_vegetation_delta_lag_3,0.00013553216,hb,2,2026-09-01
grass_delta_lag_3,9.539366e-05,hb,2,2026-09-01
shrub_and_scrub_delta_lag_3,0.00033219723,hb,2,2026-09-01
trees_delta_lag_3,3.8959613e-05,hb,2,2026-09-01
water_delta_lag_3,0.00022595625,hb,2,2026-09-01
wasting_lag_3,0.012504401,hb,2,2026-09-01
wasting_risk_lag_3,0.00088894047,hb,2,2026-09-01
wasting_delta_lag_3,0.0033742248,hb,2,2026-09-01
wasting_risk_delta_lag_3,0.00025939455,hb,2,2026-09-01
wasting_sm_lag_3,0.00049044855,hb,2,2026-09-01
wasting_sm_risk_lag_3,0.03869773,hb,2,2026-09-01
avg_temp_z_score_lag_4,0.0001270358,hb,2,2026-09-01
hot_days_z_score_lag_4,0.0010941,hb,2,2026-09-01
cold_days_z_score_lag_4,7.852587e-05,hb,2,2026-09-01
consec_hot_days_z_score_lag_4,0.0012587667,hb,2,2026-09-01
consec_cold_days_z_score_lag_4,0.00023770789,hb,2,2026-09-01
precip_total_z_score_lag_4,2.9034405e-05,hb,2,2026-09-01
wet_days_z_score_lag_4,8.860427e-05,hb,2,2026-09-01
dry_days_z_score_lag_4,1.4913235e-05,hb,2,2026-09-01
consec_wet_days_z_score_lag_4,8.8658344e-05,hb,2,2026-09-01
consec_dry_days_z_score_lag_4,0.00047315043,hb,2,2026-09-01
conflict_100km_lag_4,4.4173692e-05,hb,2,2026-09-01
conflict_500km_lag_4,2.65626e-05,hb,2,2026-09-01
fatalities_100km_lag_4,8.4942985e-05,hb,2,2026-09-01
fatalities_500km_lag_4,0.00012351252,hb,2,2026-09-01
conflict_12m_100km_lag_4,0.00019070417,hb,2,2026-09-01
conflict_12m_500km_lag_4,0.0023144407,hb,2,2026-09-01
fatalities_12m_100km_lag_4,1.2672049e-05,hb,2,2026-09-01
fatalities_12m_500km_lag_4,0.008852142,hb,2,2026-09-01
NDVI_mean_lag_4,2.5850768e-05,hb,2,2026-09-01
EVI_mean_lag_4,0.00018353979,hb,2,2026-09-01
NDVI_z_score_lag_4,0.00062132836,hb,2,2026-09-01
EVI_z_score_lag_4,0.0005006876,hb,2,2026-09-01
NDVI_z_score_crops_lag_4,0.00025515206,hb,2,2026-09-01
NDVI_z_score_grass_lag_4,5.3319676e-05,hb,2,2026-09-01
NDVI_z_score_shrub_and_scrub_lag_4,0.00039812975,hb,2,2026-09-01
NDVI_z_score_trees_lag_4,0.00039315646,hb,2,2026-09-01
EVI_z_score_crops_lag_4,0.00017002721,hb,2,2026-09-01
EVI_z_score_grass_lag_4,0.00012962749,hb,2,2026-09-01
EVI_z_score_shrub_and_scrub_lag_4,0.00013811854,hb,2,2026-09-01
EVI_z_score_trees_lag_4,9.03437e-05,hb,2,2026-09-01
bare_lag_4,0.00012460716,hb,2,2026-09-01
built_lag_4,0.00024282295,hb,2,2026-09-01
crops_lag_4,0.00063743984,hb,2,2026-09-01
flooded_vegetation_lag_4,8.525369e-05,hb,2,2026-09-01
grass_lag_4,3.4237994e-05,hb,2,2026-09-01
shrub_and_scrub_lag_4,0.00020444595,hb,2,2026-09-01
trees_lag_4,7.9920595e-05,hb,2,2026-09-01
water_lag_4,0.00034232566,hb,2,2026-09-01
wasting_lag_4,0.0015470785,hb,2,2026-09-01
wasting_risk_lag_4,0.0032295918,hb,2,2026-09-01
wasting_sm_lag_4,0.00026480368,hb,2,2026-09-01
wasting_sm_risk_lag_4,0.013436747,hb,2,2026-09-01
travel_time_to_cities_2015,0.004464125,hb,3,2026-10-01
density_2015,0.004436587,hb,3,2026-10-01
density_2020,0.0008524504,hb,3,2026-10-01
delta_2015_2020,0.0022124278,hb,3,2026-10-01
avg_temp_z_score_season1_max_prev,0.011109574,hb,3,2026-10-01
avg_temp_z_score_season1_sum_prev,0.0005440117,hb,3,2026-10-01
avg_temp_z_score_season1_mean_prev,5.655853e-05,hb,3,2026-10-01
hot_days_z_score_season1_max_prev,0.0046378393,hb,3,2026-10-01
hot_days_z_score_season1_sum_prev,0.010063153,hb,3,2026-10-01
hot_days_z_score_season1_mean_prev,0.012348024,hb,3,2026-10-01
cold_days_z_score_season1_max_prev,3.8487342e-05,hb,3,2026-10-01
cold_days_z_score_season1_sum_prev,1.552423e-05,hb,3,2026-10-01
cold_days_z_score_season1_mean_prev,0.0,hb,3,2026-10-01
consec_hot_days_z_score_season1_max_prev,0.0003185444,hb,3,2026-10-01
consec_hot_days_z_score_season1_sum_prev,0.00022952956,hb,3,2026-10-01
consec_hot_days_z_score_season1_mean_prev,2.1036558e-05,hb,3,2026-10-01
consec_cold_days_z_score_season1_max_prev,1.2144565e-05,hb,3,2026-10-01
consec_cold_days_z_score_season1_sum_prev,0.0,hb,3,2026-10-01
consec_cold_days_z_score_season1_mean_prev,0.0,hb,3,2026-10-01
precip_total_z_score_season1_max_prev,0.002430288,hb,3,2026-10-01
precip_total_z_score_season1_sum_prev,0.00020506473,hb,3,2026-10-01
precip_total_z_score_season1_mean_prev,7.1412585e-05,hb,3,2026-10-01
wet_days_z_score_season1_max_prev,0.00016313103,hb,3,2026-10-01
wet_days_z_score_season1_sum_prev,0.0057341172,hb,3,2026-10-01
wet_days_z_score_season1_mean_prev,0.00021499618,hb,3,2026-10-01
dry_days_z_score_season1_max_prev,0.00047899224,hb,3,2026-10-01
dry_days_z_score_season1_sum_prev,0.00030776937,hb,3,2026-10-01
dry_days_z_score_season1_mean_prev,0.0,hb,3,2026-10-01
consec_wet_days_z_score_season1_max_prev,0.0028188312,hb,3,2026-10-01
consec_wet_days_z_score_season1_sum_prev,0.00035184977,hb,3,2026-10-01
consec_wet_days_z_score_season1_mean_prev,0.0001373731,hb,3,2026-10-01
consec_dry_days_z_score_season1_max_prev,0.003845256,hb,3,2026-10-01
consec_dry_days_z_score_season1_sum_prev,0.0014462786,hb,3,2026-10-01
consec_dry_days_z_score_season1_mean_prev,1.6641248e-05,hb,3,2026-10-01
NDVI_mean_season1_max_prev,0.0008593336,hb,3,2026-10-01
NDVI_mean_season1_sum_prev,0.0017371308,hb,3,2026-10-01
NDVI_mean_season1_mean_prev,0.00012639005,hb,3,2026-10-01
EVI_mean_season1_max_prev,1.6925538e-05,hb,3,2026-10-01
EVI_mean_season1_sum_prev,0.00016807106,hb,3,2026-10-01
EVI_mean_season1_mean_prev,0.0030386269,hb,3,2026-10-01
NDVI_z_score_season1_max_prev,1.5163323e-05,hb,3,2026-10-01
NDVI_z_score_season1_sum_prev,0.007792571,hb,3,2026-10-01
NDVI_z_score_season1_mean_prev,0.0,hb,3,2026-10-01
EVI_z_score_season1_max_prev,3.6946287e-05,hb,3,2026-10-01
EVI_z_score_season1_sum_prev,1.47802875e-05,hb,3,2026-10-01
EVI_z_score_season1_mean_prev,0.0009964678,hb,3,2026-10-01
NDVI_z_score_crops_season1_max_prev,9.929646e-05,hb,3,2026-10-01
NDVI_z_score_crops_season1_sum_prev,0.0013045612,hb,3,2026-10-01
NDVI_z_score_crops_season1_mean_prev,0.0006296343,hb,3,2026-10-01
NDVI_z_score_grass_season1_max_prev,0.0014587735,hb,3,2026-10-01
NDVI_z_score_grass_season1_sum_prev,0.000102001286,hb,3,2026-10-01
NDVI_z_score_grass_season1_mean_prev,0.008842386,hb,3,2026-10-01
NDVI_z_score_shrub_and_scrub_season1_max_prev,7.250378e-05,hb,3,2026-10-01
NDVI_z_score_shrub_and_scrub_season1_sum_prev,7.730897e-05,hb,3,2026-10-01
NDVI_z_score_shrub_and_scrub_season1_mean_prev,0.00036287075,hb,3,2026-10-01
NDVI_z_score_trees_season1_max_prev,0.00076428987,hb,3,2026-10-01
NDVI_z_score_trees_season1_sum_prev,0.0003418834,hb,3,2026-10-01
NDVI_z_score_trees_season1_mean_prev,7.1016664e-05,hb,3,2026-10-01
EVI_z_score_crops_season1_max_prev,1.910683e-05,hb,3,2026-10-01
EVI_z_score_crops_season1_sum_prev,0.0025075078,hb,3,2026-10-01
EVI_z_score_crops_season1_mean_prev,0.0001759758,hb,3,2026-10-01
EVI_z_score_grass_season1_max_prev,0.00085063063,hb,3,2026-10-01
EVI_z_score_grass_season1_sum_prev,0.00057521154,hb,3,2026-10-01
EVI_z_score_grass_season1_mean_prev,0.00023664361,hb,3,2026-10-01
EVI_z_score_shrub_and_scrub_season1_max_prev,3.6755697e-05,hb,3,2026-10-01
EVI_z_score_shrub_and_scrub_season1_sum_prev,0.0002746237,hb,3,2026-10-01
EVI_z_score_shrub_and_scrub_season1_mean_prev,1.438673e-05,hb,3,2026-10-01
EVI_z_score_trees_season1_max_prev,0.00029743492,hb,3,2026-10-01
EVI_z_score_trees_season1_sum_prev,6.875751e-05,hb,3,2026-10-01
EVI_z_score_trees_season1_mean_prev,2.133226e-05,hb,3,2026-10-01
bare_season1_max_prev,0.0030857183,hb,3,2026-10-01
bare_season1_sum_prev,0.00018099703,hb,3,2026-10-01
bare_season1_mean_prev,0.00012088679,hb,3,2026-10-01
built_season1_max_prev,0.00049130316,hb,3,2026-10-01
built_season1_sum_prev,9.5672294e-05,hb,3,2026-10-01
built_season1_mean_prev,0.00010103675,hb,3,2026-10-01
crops_season1_max_prev,0.00015992252,hb,3,2026-10-01
crops_season1_sum_prev,4.5770055e-05,hb,3,2026-10-01
crops_season1_mean_prev,1.5631149e-05,hb,3,2026-10-01
flooded_vegetation_season1_max_prev,8.9130235e-06,hb,3,2026-10-01
flooded_vegetation_season1_sum_prev,0.011431155,hb,3,2026-10-01
flooded_vegetation_season1_mean_prev,0.0,hb,3,2026-10-01
grass_season1_max_prev,0.000107424596,hb,3,2026-10-01
grass_season1_sum_prev,0.0010090849,hb,3,2026-10-01
grass_season1_mean_prev,3.8417056e-05,hb,3,2026-10-01
shrub_and_scrub_season1_max_prev,0.0009078724,hb,3,2026-10-01
shrub_and_scrub_season1_sum_prev,0.003997864,hb,3,2026-10-01
shrub_and_scrub_season1_mean_prev,0.00026024025,hb,3,2026-10-01
trees_season1_max_prev,0.0012544186,hb,3,2026-10-01
trees_season1_sum_prev,0.00023384955,hb,3,2026-10-01
trees_season1_mean_prev,6.072924e-05,hb,3,2026-10-01
water_season1_max_prev,0.0005298369,hb,3,2026-10-01
water_season1_sum_prev,1.5640353e-05,hb,3,2026-10-01
water_season1_mean_prev,1.5121042e-05,hb,3,2026-10-01
avg_temp_z_score_season2_max_prev,0.00046872982,hb,3,2026-10-01
avg_temp_z_score_season2_sum_prev,0.00038108477,hb,3,2026-10-01
avg_temp_z_score_season2_mean_prev,0.00549086,hb,3,2026-10-01
hot_days_z_score_season2_max_prev,0.00040563053,hb,3,2026-10-01
hot_days_z_score_season2_sum_prev,0.00038856745,hb,3,2026-10-01
hot_days_z_score_season2_mean_prev,0.0003141295,hb,3,2026-10-01
cold_days_z_score_season2_max_prev,0.00046453127,hb,3,2026-10-01
cold_days_z_score_season2_sum_prev,0.0018355561,hb,3,2026-10-01
cold_days_z_score_season2_mean_prev,0.0,hb,3,2026-10-01
consec_hot_days_z_score_season2_max_prev,8.913426e-05,hb,3,2026-10-01
consec_hot_days_z_score_season2_sum_prev,0.005850264,hb,3,2026-10-01
consec_hot_days_z_score_season2_mean_prev,0.00011899185,hb,3,2026-10-01
consec_cold_days_z_score_season2_max_prev,0.0,hb,3,2026-10-01
consec_cold_days_z_score_season2_sum_prev,0.005562825,hb,3,2026-10-01
consec_cold_days_z_score_season2_mean_prev,0.0,hb,3,2026-10-01
precip_total_z_score_season2_max_prev,0.016226528,hb,3,2026-10-01
precip_total_z_score_season2_sum_prev,7.321015e-05,hb,3,2026-10-01
precip_total_z_score_season2_mean_prev,0.0003674777,hb,3,2026-10-01
wet_days_z_score_season2_max_prev,0.0006581335,hb,3,2026-10-01
wet_days_z_score_season2_sum_prev,0.0026062944,hb,3,2026-10-01
wet_days_z_score_season2_mean_prev,2.0740235e-05,hb,3,2026-10-01
dry_days_z_score_season2_max_prev,0.00030667346,hb,3,2026-10-01
dry_days_z_score_season2_sum_prev,9.330823e-06,hb,3,2026-10-01
dry_days_z_score_season2_mean_prev,0.0,hb,3,2026-10-01
consec_wet_days_z_score_season2_max_prev,0.00018820084,hb,3,2026-10-01
consec_wet_days_z_score_season2_sum_prev,9.0872425e-05,hb,3,2026-10-01
consec_wet_days_z_score_season2_mean_prev,5.51316e-06,hb,3,2026-10-01
consec_dry_days_z_score_season2_max_prev,0.002004826,hb,3,2026-10-01
consec_dry_days_z_score_season2_sum_prev,8.638039e-05,hb,3,2026-10-01
consec_dry_days_z_score_season2_mean_prev,3.0444015e-05,hb,3,2026-10-01
NDVI_mean_season2_max_prev,5.521779e-05,hb,3,2026-10-01
NDVI_mean_season2_sum_prev,0.0004024102,hb,3,2026-10-01
NDVI_mean_season2_mean_prev,1.6452665e-05,hb,3,2026-10-01
EVI_mean_season2_max_prev,7.278723e-05,hb,3,2026-10-01
EVI_mean_season2_sum_prev,3.6500907e-05,hb,3,2026-10-01
EVI_mean_season2_mean_prev,7.546564e-06,hb,3,2026-10-01
NDVI_z_score_season2_max_prev,0.0017820251,hb,3,2026-10-01
NDVI_z_score_season2_sum_prev,0.000100068086,hb,3,2026-10-01
NDVI_z_score_season2_mean_prev,0.0,hb,3,2026-10-01
EVI_z_score_season2_max_prev,8.696045e-06,hb,3,2026-10-01
EVI_z_score_season2_sum_prev,2.9394387e-05,hb,3,2026-10-01
EVI_z_score_season2_mean_prev,0.0,hb,3,2026-10-01
NDVI_z_score_crops_season2_max_prev,0.0003948082,hb,3,2026-10-01
NDVI_z_score_crops_season2_sum_prev,0.00010113751,hb,3,2026-10-01
NDVI_z_score_crops_season2_mean_prev,0.00053951686,hb,3,2026-10-01
NDVI_z_score_grass_season2_max_prev,0.0007297906,hb,3,2026-10-01
NDVI_z_score_grass_season2_sum_prev,0.00083553715,hb,3,2026-10-01
NDVI_z_score_grass_season2_mean_prev,0.0006553475,hb,3,2026-10-01
NDVI_z_score_shrub_and_scrub_season2_max_prev,2.9756553e-05,hb,3,2026-10-01
NDVI_z_score_shrub_and_scrub_season2_sum_prev,8.39462e-05,hb,3,2026-10-01
NDVI_z_score_shrub_and_scrub_season2_mean_prev,7.7151835e-06,hb,3,2026-10-01
NDVI_z_score_trees_season2_max_prev,4.9496794e-05,hb,3,2026-10-01
NDVI_z_score_trees_season2_sum_prev,6.577371e-05,hb,3,2026-10-01
NDVI_z_score_trees_season2_mean_prev,0.001206592,hb,3,2026-10-01
EVI_z_score_crops_season2_max_prev,0.0021772287,hb,3,2026-10-01
EVI_z_score_crops_season2_sum_prev,2.877584e-05,hb,3,2026-10-01
EVI_z_score_crops_season2_mean_prev,1.451874e-05,hb,3,2026-10-01
EVI_z_score_grass_season2_max_prev,0.00016429319,hb,3,2026-10-01
EVI_z_score_grass_season2_sum_prev,3.116878e-05,hb,3,2026-10-01
EVI_z_score_grass_season2_mean_prev,0.00014183781,hb,3,2026-10-01
EVI_z_score_shrub_and_scrub_season2_max_prev,2.2182956e-05,hb,3,2026-10-01
EVI_z_score_shrub_and_scrub_season2_sum_prev,2.3375613e-05,hb,3,2026-10-01
EVI_z_score_shrub_and_scrub_season2_mean_prev,0.007417881,hb,3,2026-10-01
EVI_z_score_trees_season2_max_prev,0.0006809394,hb,3,2026-10-01
EVI_z_score_trees_season2_sum_prev,0.00027171153,hb,3,2026-10-01
EVI_z_score_trees_season2_mean_prev,4.629818e-05,hb,3,2026-10-01
bare_season2_max_prev,0.0005711656,hb,3,2026-10-01
bare_season2_sum_prev,2.5766636e-05,hb,3,2026-10-01
bare_season2_mean_prev,9.501683e-05,hb,3,2026-10-01
built_season2_max_prev,4.618503e-05,hb,3,2026-10-01
built_season2_sum_prev,2.2419761e-05,hb,3,2026-10-01
built_season2_mean_prev,3.337341e-05,hb,3,2026-10-01
crops_season2_max_prev,0.00020433006,hb,3,2026-10-01
crops_season2_sum_prev,0.0002008549,hb,3,2026-10-01
crops_season2_mean_prev,0.0,hb,3,2026-10-01
flooded_vegetation_season2_max_prev,0.00046246513,hb,3,2026-10-01
flooded_vegetation_season2_sum_prev,1.2429254e-05,hb,3,2026-10-01
flooded_vegetation_season2_mean_prev,0.0,hb,3,2026-10-01
grass_season2_max_prev,0.00018893767,hb,3,2026-10-01
grass_season2_sum_prev,0.00056638045,hb,3,2026-10-01
grass_season2_mean_prev,7.231833e-06,hb,3,2026-10-01
shrub_and_scrub_season2_max_prev,0.00012341428,hb,3,2026-10-01
shrub_and_scrub_season2_sum_prev,7.768905e-05,hb,3,2026-10-01
shrub_and_scrub_season2_mean_prev,0.0001076426,hb,3,2026-10-01
trees_season2_max_prev,0.00015577264,hb,3,2026-10-01
trees_season2_sum_prev,0.00062342297,hb,3,2026-10-01
trees_season2_mean_prev,8.579845e-06,hb,3,2026-10-01
water_season2_max_prev,0.00079297303,hb,3,2026-10-01
water_season2_sum_prev,0.0008138615,hb,3,2026-10-01
water_season2_mean_prev,0.013697782,hb,3,2026-10-01
avg_temp_z_score_lag_3,0.0018017124,hb,3,2026-10-01
hot_days_z_score_lag_3,0.0014602542,hb,3,2026-10-01
cold_days_z_score_lag_3,0.00014069794,hb,3,2026-10-01
consec_hot_days_z_score_lag_3,0.00073727407,hb,3,2026-10-01
consec_cold_days_z_score_lag_3,0.0012404927,hb,3,2026-10-01
precip_total_z_score_lag_3,0.00020195144,hb,3,2026-10-01
wet_days_z_score_lag_3,0.0005085548,hb,3,2026-10-01
dry_days_z_score_lag_3,3.1681513e-05,hb,3,2026-10-01
consec_wet_days_z_score_lag_3,8.58277e-05,hb,3,2026-10-01
consec_dry_days_z_score_lag_3,0.0002874533,hb,3,2026-10-01
conflict_100km_lag_3,0.0006232825,hb,3,2026-10-01
conflict_500km_lag_3,0.0014629135,hb,3,2026-10-01
fatalities_100km_lag_3,0.005718757,hb,3,2026-10-01
fatalities_500km_lag_3,0.00026947932,hb,3,2026-10-01
conflict_12m_100km_lag_3,0.00037973345,hb,3,2026-10-01
conflict_12m_500km_lag_3,0.0033111658,hb,3,2026-10-01
fatalities_12m_100km_lag_3,0.0051935636,hb,3,2026-10-01
fatalities_12m_500km_lag_3,0.0001456719,hb,3,2026-10-01
NDVI_mean_lag_3,0.00032068687,hb,3,2026-10-01
EVI_mean_lag_3,0.0003896906,hb,3,2026-10-01
NDVI_z_score_lag_3,0.00095982297,hb,3,2026-10-01
EVI_z_score_lag_3,0.010994817,hb,3,2026-10-01
NDVI_z_score_crops_lag_3,7.9617996e-05,hb,3,2026-10-01
NDVI_z_score_grass_lag_3,8.121978e-05,hb,3,2026-10-01
NDVI_z_score_shrub_and_scrub_lag_3,0.00015055366,hb,3,2026-10-01
NDVI_z_score_trees_lag_3,0.00027176522,hb,3,2026-10-01
EVI_z_score_crops_lag_3,0.0031171853,hb,3,2026-10-01
EVI_z_score_grass_lag_3,0.00010658576,hb,3,2026-10-01
EVI_z_score_shrub_and_scrub_lag_3,9.902821e-05,hb,3,2026-10-01
EVI_z_score_trees_lag_3,9.553888e-05,hb,3,2026-10-01
bare_lag_3,0.00015592529,hb,3,2026-10-01
built_lag_3,0.00092352,hb,3,2026-10-01
crops_lag_3,0.00091647194,hb,3,2026-10-01
flooded_vegetation_lag_3,0.00014604429,hb,3,2026-10-01
grass_lag_3,0.0007668846,hb,3,2026-10-01
shrub_and_scrub_lag_3,0.0021920558,hb,3,2026-10-01
trees_lag_3,0.00047195403,hb,3,2026-10-01
water_lag_3,0.00030264058,hb,3,2026-10-01
bare_delta_lag_3,0.00026729092,hb,3,2026-10-01
built_delta_lag_3,0.0029715374,hb,3,2026-10-01
crops_delta_lag_3,5.38891e-05,hb,3,2026-10-01
flooded_vegetation_delta_lag_3,6.133683e-05,hb,3,2026-10-01
grass_delta_lag_3,6.667376e-05,hb,3,2026-10-01
shrub_and_scrub_delta_lag_3,5.6266763e-05,hb,3,2026-10-01
trees_delta_lag_3,0.00011281577,hb,3,2026-10-01
water_delta_lag_3,4.915316e-05,hb,3,2026-10-01
wasting_lag_3,0.4273224,hb,3,2026-10-01
wasting_risk_lag_3,0.0014108398,hb,3,2026-10-01
wasting_delta_lag_3,0.008393379,hb,3,2026-10-01
wasting_risk_delta_lag_3,0.00039916497,hb,3,2026-10-01
wasting_sm_lag_3,0.18433799,hb,3,2026-10-01
wasting_sm_risk_lag_3,0.01464012,hb,3,2026-10-01
avg_temp_z_score_lag_4,0.00016358623,hb,3,2026-10-01
hot_days_z_score_lag_4,0.0017427912,hb,3,2026-10-01
cold_days_z_score_lag_4,9.537927e-05,hb,3,2026-10-01
consec_hot_days_z_score_lag_4,0.00011482916,hb,3,2026-10-01
consec_cold_days_z_score_lag_4,6.828665e-05,hb,3,2026-10-01
precip_total_z_score_lag_4,0.00010045359,hb,3,2026-10-01
wet_days_z_score_lag_4,0.00022412674,hb,3,2026-10-01
dry_days_z_score_lag_4,0.000103475395,hb,3,2026-10-01
consec_wet_days_z_score_lag_4,0.00017565265,hb,3,2026-10-01
consec_dry_days_z_score_lag_4,7.157389e-05,hb,3,2026-10-01
conflict_100km_lag_4,0.00020852705,hb,3,2026-10-01
conflict_500km_lag_4,0.0032844162,hb,3,2026-10-01
fatalities_100km_lag_4,0.0002623759,hb,3,2026-10-01
fatalities_500km_lag_4,0.00031454282,hb,3,2026-10-01
conflict_12m_100km_lag_4,0.003297214,hb,3,2026-10-01
conflict_12m_500km_lag_4,0.00011071342,hb,3,2026-10-01
fatalities_12m_100km_lag_4,0.0027221832,hb,3,2026-10-01
fatalities_12m_500km_lag_4,0.0006707114,hb,3,2026-10-01
NDVI_mean_lag_4,0.00073858164,hb,3,2026-10-01
EVI_mean_lag_4,0.00025218545,hb,3,2026-10-01
NDVI_z_score_lag_4,6.1426006e-05,hb,3,2026-10-01
EVI_z_score_lag_4,0.00031313358,hb,3,2026-10-01
NDVI_z_score_crops_lag_4,0.001353268,hb,3,2026-10-01
NDVI_z_score_grass_lag_4,0.00014593646,hb,3,2026-10-01
NDVI_z_score_shrub_and_scrub_lag_4,8.21877e-05,hb,3,2026-10-01
NDVI_z_score_trees_lag_4,0.0002305752,hb,3,2026-10-01
EVI_z_score_crops_lag_4,0.0049174284,hb,3,2026-10-01
EVI_z_score_grass_lag_4,0.00071647624,hb,3,2026-10-01
EVI_z_score_shrub_and_scrub_lag_4,0.0002423885,hb,3,2026-10-01
EVI_z_score_trees_lag_4,0.00021727582,hb,3,2026-10-01
bare_lag_4,9.569974e-05,hb,3,2026-10-01
built_lag_4,7.16211e-05,hb,3,2026-10-01
crops_lag_4,0.00067084853,hb,3,2026-10-01
flooded_vegetation_lag_4,0.0013247686,hb,3,2026-10-01
grass_lag_4,0.0002533327,hb,3,2026-10-01
shrub_and_scrub_lag_4,0.0003861415,hb,3,2026-10-01
trees_lag_4,7.674651e-05,hb,3,2026-10-01
water_lag_4,0.0005589233,hb,3,2026-10-01
wasting_lag_4,0.014946886,hb,3,2026-10-01
wasting_risk_lag_4,0.0019873828,hb,3,2026-10-01
wasting_sm_lag_4,0.005585104,hb,3,2026-10-01
wasting_sm_risk_lag_4,0.02269504,hb,3,2026-10-01
avg_temp_z_score_lag_5,0.00017895123,hb,3,2026-10-01
hot_days_z_score_lag_5,0.00041374748,hb,3,2026-10-01
cold_days_z_score_lag_5,8.647418e-05,hb,3,2026-10-01
consec_hot_days_z_score_lag_5,0.0009043357,hb,3,2026-10-01
consec_cold_days_z_score_lag_5,7.6494754e-05,hb,3,2026-10-01
precip_total_z_score_lag_5,7.7269455e-05,hb,3,2026-10-01
wet_days_z_score_lag_5,0.00020549388,hb,3,2026-10-01
dry_days_z_score_lag_5,2.5912435e-05,hb,3,2026-10-01
consec_wet_days_z_score_lag_5,0.00015903676,hb,3,2026-10-01
consec_dry_days_z_score_lag_5,0.00013318993,hb,3,2026-10-01
conflict_100km_lag_5,0.00015368733,hb,3,2026-10-01
conflict_500km_lag_5,0.00022935332,hb,3,2026-10-01
fatalities_100km_lag_5,5.235408e-05,hb,3,2026-10-01
fatalities_500km_lag_5,0.00025618443,hb,3,2026-10-01
conflict_12m_100km_lag_5,0.0003638473,hb,3,2026-10-01
conflict_12m_500km_lag_5,0.0004949469,hb,3,2026-10-01
fatalities_12m_100km_lag_5,0.0018948186,hb,3,2026-10-01
fatalities_12m_500km_lag_5,0.0017502739,hb,3,2026-10-01
NDVI_mean_lag_5,0.0007499906,hb,3,2026-10-01
EVI_mean_lag_5,0.00013271072,hb,3,2026-10-01
NDVI_z_score_lag_5,0.00012829789,hb,3,2026-10-01
EVI_z_score_lag_5,2.7942631e-05,hb,3,2026-10-01
NDVI_z_score_crops_lag_5,0.00017677511,hb,3,2026-10-01
NDVI_z_score_grass_lag_5,0.00013760309,hb,3,2026-10-01
NDVI_z_score_shrub_and_scrub_lag_5,0.000112523856,hb,3,2026-10-01
NDVI_z_score_trees_lag_5,0.00026701513,hb,3,2026-10-01
EVI_z_score_crops_lag_5,0.00012854247,hb,3,2026-10-01
EVI_z_score_grass_lag_5,0.00016683158,hb,3,2026-10-01
EVI_z_score_shrub_and_scrub_lag_5,0.00024854604,hb,3,2026-10-01
EVI_z_score_trees_lag_5,0.00014518305,hb,3,2026-10-01
bare_lag_5,0.0005944311,hb,3,2026-10-01
built_lag_5,0.00023356303,hb,3,2026-10-01
crops_lag_5,0.00044019893,hb,3,2026-10-01
flooded_vegetation_lag_5,0.00036450982,hb,3,2026-10-01
grass_lag_5,0.000110973044,hb,3,2026-10-01
shrub_and_scrub_lag_5,0.00019218637,hb,3,2026-10-01
trees_lag_5,0.00018491644,hb,3,2026-10-01
water_lag_5,0.00010262967,hb,3,2026-10-01
wasting_lag_5,0.0018971051,hb,3,2026-10-01
wasting_risk_lag_5,0.0050236876,hb,3,2026-10-01
wasting_sm_lag_5,0.00073121523,hb,3,2026-10-01
wasting_sm_risk_lag_5,0.013436559,hb,3,2026-10-01
